<?xml version="1.0" encoding="UTF-8"?>
<project-private xmlns="http://www.netbeans.org/ns/project-private/1">
    <editor-bookmarks xmlns="http://www.netbeans.org/ns/editor-bookmarks/2" lastBookmarkId="0"/>
    <open-files xmlns="http://www.netbeans.org/ns/projectui-open-files/2">
        <group>
            <file>file:/C:/Users/Nicol%20PC/Documents/tercer%20semestre/programacion%20II/lavadoAutos/src/modelo/Modelo.java</file>
            <file>file:/C:/Users/Nicol%20PC/Documents/tercer%20semestre/programacion%20II/lavadoAutos/src/controlador/Controlador.java</file>
            <file>file:/C:/Users/Nicol%20PC/Documents/tercer%20semestre/programacion%20II/lavadoAutos/src/lavadoautos/LavadoAutos.java</file>
            <file>file:/C:/Users/Nicol%20PC/Documents/tercer%20semestre/programacion%20II/lavadoAutos/src/vista/Vista.java</file>
        </group>
    </open-files>
</project-private>
